1234,Tmax,2015,JAN,43.16,35.24,35.24,34.16,34.88,37.04,24.26,17.78,15.8,21.56,29.66,37.58,39.38,38.12,38.84,34.7,29.66,27.68,31.64,41.54,46.22,45.32,44.6,53.96,45.86,46.76,46.76,41.72,44.78,45.14,48.74
1234,Tmax,2015,FEB,51.62,57.2,47.3,41.36,48.92,59.9,50.9,44.78,40.64,37.22,36.5,33.08,36.32,37.04,39.56,36.68,30.56,22.28,24.98,24.8,31.1,32,39.92,40.64,45.32,52.88,58.46,52.16,-999999,-999999,-999999
1234,Tmax,2015,MAR,48.56,47.66,47.66,39.74,42.44,56.12,61.16,62.24,63.14,68.36,57.56,45.86,47.48,51.26,48.02,42.8,37.94,44.06,39.92,41.18,35.78,38.3,47.66,42.8,46.04,59.18,60.62,55.04,57.2,50.36,53.78
1234,Tmax,2015,APR,54.5,55.4,47.48,42.8,53.96,59.36,55.22,45.5,46.76,36.32,36.32,38.12,42.44,55.58,56.12,57.56,62.6,64.58,66.92,56.84,48.2,42.8,37.76,49.1,62.78,58.28,61.52,69.26,70.16,62.78,-999999
1234,Tmax,2015,MAY,56.84,62.06,58.28,60.08,62.96,66.38,62.06,62.24,62.24,62.24,62.24,61.88,58.46,60.44,68.18,72.86,77.18,80.06,82.76,83.84,70.16,71.24,72.68,78.98,78.08,75.74,76.64,68,59,60.98,63.32
1234,Tmax,2015,JUN,70.52,72.86,70.52,67.46,67.46,68.18,74.12,73.4,75.2,71.24,69.62,66.38,71.78,71.6,72.32,76.28,74.84,77.72,76.82,72.68,74.48,76.64,78.26,69.62,72.5,72.32,72.5,67.28,71.42,69.98,-999999
1234,Tmax,2015,JUL,76.28,78.98,75.56,77,80.06,82.04,78.8,74.48,78.08,84.74,83.84,76.46,74.3,79.34,81.14,78.8,76.82,78.26,79.88,82.4,85.28,82.76,85.64,92.48,85.28,88.88,87.44,88.34,88.88,92.12,91.76
1234,Tmax,2015,AUG,84.92,83.84,85.64,89.96,87.08,89.6,84.38,85.46,86.18,87.62,86.36,85.46,87.98,91.04,87.98,84.56,84.38,89.42,91.4,86,87.8,87.98,85.64,79.7,74.48,71.96,74.3,76.28,74.66,77.36,80.24
1234,Tmax,2015,SEP,81.68,86.18,88.52,86.9,86.72,86,87.8,87.98,83.12,88.52,87.98,90.86,78.26,80.96,83.3,83.48,81.68,80.96,84.56,81.32,76.28,77.36,77,75.56,79.52,78.26,79.7,80.6,76.82,68.9,-999999
1234,Tmax,2015,OCT,68,70.34,72.68,73.4,72.5,72.32,54.32,59.72,65.3,62.06,72.5,76.28,67.82,66.56,66.92,65.48,69.26,73.4,72.14,72.32,72.68,69.8,64.94,63.14,55.94,51.08,50.72,49.82,48.56,51.08,47.84
1234,Tmax,2015,NOV,51.26,48.92,51.98,57.38,59.72,60.08,60.44,54.14,49.46,46.94,47.48,54.86,57.92,56.12,55.04,54.14,49.1,47.84,52.16,55.22,57.56,58.64,57.02,56.3,60.62,59.72,58.1,57.74,49.46,45.14,-999999
1234,Tmax,2015,DEC,36.68,39.2,31.28,33.08,29.66,36.5,42.98,45.68,42.26,42.8,42.08,42.08,37.22,30.02,32.9,33.62,31.1,31.1,33.98,30.92,26.06,27.5,28.76,30.38,39.92,40.64,35.78,38.3,41.36,29.66,21.02
1234,Tmax,2016,JAN,18.5,15.98,25.7,32.18,41.18,53.06,49.1,42.62,33.44,43.34,44.42,49.64,52.34,35.24,36.32,44.06,46.58,45.5,34.7,24.08,35.96,35.06,26.06,18.32,16.88,15.44,23,25.88,35.96,39.02,36.68
1234,Tmax,2016,FEB,42.98,40.46,48.56,57.02,54.68,46.22,28.4,32,39.38,43.52,40.64,52.34,46.76,55.76,59.18,63.32,61.52,63.68,62.06,48.2,45.5,36.14,46.04,60.26,54.14,60.44,60.8,57.38,61.52,-999999,-999999
1234,Tmax,2016,MAR,70.7,69.8,57.38,53.6,42.98,48.92,57.38,61.16,62.06,61.7,53.96,56.48,61.34,53.78,35.78,33.8,37.04,46.04,47.66,39.92,44.24,54.86,65.48,62.96,59.18,47.66,43.7,36.32,44.42,54.5,57.2
1234,Tmax,2016,APR,63.68,63.5,57.2,62.78,66.92,68.9,71.42,72.32,73.94,64.58,63.32,55.22,57.74,62.42,72.14,71.96,71.96,71.96,67.82,78.44,62.6,59.54,68.18,73.22,62.96,61.34,55.76,61.7,65.12,60.8,-999999
1234,Tmax,2016,MAY,66.56,65.3,73.04,57.74,55.76,53.24,55.22,62.24,65.66,66.02,64.4,69.44,76.46,74.84,74.66,68.72,74.66,63.32,60.8,66.2,72.32,69.8,57.02,62.42,71.06,61.7,57.92,58.28,63.5,71.78,77.54
1234,Tmax,2016,JUN,75.74,79.16,76.64,74.3,72.5,74.3,71.6,66.02,60.08,67.82,74.48,78.08,82.94,77,74.3,76.46,77.18,76.82,82.76,85.1,84.74,86.36,86.9,84.2,82.22,88.7,89.96,85.46,74.3,77.72,-999999
1234,Tmax,2016,JUL,80.96,82.58,82.94,79.7,76.64,79.52,84.2,78.62,77,81.32,77.18,82.4,87.8,90.14,92.12,93.92,94.82,95.9,84.2,83.84,82.04,84.56,84.56,79.34,79.7,82.58,85.64,85.46,84.2,86.36,85.46
1234,Tmax,2016,AUG,85.1,89.96,92.66,88.34,86.36,86.9,84.92,85.46,85.64,88.52,89.06,79.88,74.84,74.84,74.84,78.62,79.52,82.58,86.36,91.58,88.52,86.9,91.4,91.58,88.88,85.1,83.66,81.5,84.92,85.82,82.94
1234,Tmax,2016,SEP,77.18,74.12,72.86,73.58,75.74,80.6,81.32,78.62,82.4,84.2,87.62,85.28,80.06,74.3,72.32,68.9,69.98,75.2,80.24,75.02,68.72,69.08,58.46,56.3,58.46,62.6,64.76,64.04,63.68,66.92,-999999
1234,Tmax,2016,OCT,66.2,74.3,76.46,78.26,78.62,73.94,73.22,75.2,68.54,69.8,71.78,77.36,72.5,63.5,57.56,62.06,61.88,51.44,55.76,60.98,60.62,65.66,68,62.42,55.04,53.06,55.58,58.82,57.56,54.86,47.3
1234,Tmax,2016,NOV,43.16,44.06,57.02,58.28,59.72,60.62,59.9,62.6,70.88,62.24,57.92,59,60.62,56.12,52.16,41.72,35.06,38.48,43.88,49.46,48.56,47.48,46.94,47.3,48.38,50.9,53.6,55.58,52.16,43.52,-999999
1234,Tmax,2016,DEC,30.92,28.04,34.7,40.28,37.04,33.62,38.3,29.3,34.34,44.42,44.78,47.84,40.28,28.76,23.54,24.8,25.34,19.4,19.58,19.94,21.74,29.48,32.18,34.34,34.34,29.84,33.8,29.84,37.22,34.52,29.3
1234,Tmax,2017,JAN,23.72,23.9,27.32,29.66,38.48,40.46,41.72,30.2,22.64,32.36,35.96,35.78,29.12,34.34,37.76,38.48,42.8,42.44,37.04,35.42,30.74,30.92,29.66,39.38,36.68,29.66,19.4,20.84,31.82,20.48,15.44
1234,Tmax,2017,FEB,21.38,26.42,37.58,36.32,38.12,42.98,49.28,41.72,46.76,46.22,38.3,32,24.62,25.34,26.6,29.84,34.7,45.32,45.68,46.76,45.32,45.5,48.74,54.68,54.32,46.58,54.32,60.26,-999999,-999999,-999999
1234,Tmax,2017,MAR,60.44,56.48,52.7,41.54,46.4,57.38,57.56,58.1,59.72,51.26,49.28,45.5,48.02,37.04,35.24,37.04,43.88,39.2,49.1,48.92,51.44,53.78,53.06,54.32,61.88,60.62,59,48.38,56.48,61.34,54.68
1234,Tmax,2017,APR,48.38,55.58,58.64,66.74,67.64,65.3,56.12,51.62,41.18,43.52,50.54,46.04,46.4,52.7,58.82,63.32,61.16,59.36,60.26,66.92,62.42,57.2,58.28,49.64,52.34,61.16,67.28,71.24,72.5,74.66,-999999
1234,Tmax,2017,MAY,70.34,63.5,66.02,62.96,69.26,71.6,56.3,70.16,64.94,69.26,66.02,69.26,78.98,80.24,66.38,65.3,61.16,65.48,58.64,52.16,63.14,55.04,58.64,62.24,69.98,63.32,65.84,64.04,70.52,67.64,64.4
1234,Tmax,2017,JUN,68.9,72.14,76.46,76.28,74.48,79.52,75.38,75.38,75.38,75.38,75.38,75.38,79.88,65.48,69.98,70.7,77.54,78.62,66.02,58.46,63.86,73.22,76.82,80.78,81.86,84.2,88.7,89.6,86.36,88.52,-999999
1234,Tmax,2017,JUL,87.44,91.94,94.82,91.22,81.68,79.52,77.36,75.92,80.6,78.62,84.2,86.54,87.44,86.72,89.78,89.96,90.32,90.5,82.76,84.56,86,87.26,83.84,81.68,86,91.58,95.9,81.32,80.06,81.32,82.76
1234,Tmax,2017,AUG,86.72,87.08,90.14,78.08,80.42,85.1,90.86,92.66,93.38,89.78,88.88,86.36,89.96,91.76,87.8,86.72,86,86.9,86.9,86.72,82.76,80.96,78.8,80.24,74.84,76.28,77.54,80.42,79.88,81.68,75.74
1234,Tmax,2017,SEP,77,80.6,84.74,89.42,87.08,77.36,69.08,80.6,84.56,86.36,88.16,88.88,90.14,86.54,88.52,92.66,92.12,91.94,90.86,88.16,88.52,74.48,73.22,72.68,76.28,78.8,73.58,71.24,68,69.08,-999999
1234,Tmax,2017,OCT,69.98,55.04,55.76,57.56,60.98,67.28,71.96,72.86,60.26,58.28,58.64,58.64,60.26,62.06,56.84,60.8,57.56,62.06,66.02,66.56,66.74,67.46,70.52,69.44,63.32,60.26,60.62,63.5,55.22,51.26,47.66
1234,Tmax,2017,NOV,42.98,45.68,53.6,53.42,44.42,46.94,49.64,49.46,52.52,54.68,55.58,57.02,60.44,57.2,57.92,55.76,56.66,56.84,57.02,48.2,44.42,29.66,35.24,41.18,44.6,49.28,52.52,44.42,42.8,47.48,-999999
1234,Tmax,2017,DEC,51.44,52.7,62.42,60.62,52.34,32.36,24.98,24.98,24.98,24.98,24.98,47.84,50.18,49.64,66.74,51.8,53.6,53.6,50,43.34,48.02,49.28,52.16,35.42,35.06,39.74,52.88,51.44,53.06,47.84,40.28
1234,Tmax,2018,JAN,40.28,44.06,49.82,42.98,40.82,41.18,40.28,37.04,31.82,31.82,47.66,45.5,46.58,40.28,31.46,38.12,40.64,48.38,30.2,41.72,45.14,43.16,37.22,29.48,23.18,26.42,26.6,28.4,27.86,34.7,40.1
1234,Tmax,2018,FEB,44.78,44.24,44.96,55.4,54.5,52.16,54.68,58.64,51.08,52.34,60.44,49.82,43.52,50,49.46,49.46,49.64,42.44,49.64,51.98,47.84,53.24,50.36,52.7,42.98,44.6,47.84,51.08,-999999,-999999,-999999
1234,Tmax,2018,MAR,42.44,49.46,55.04,53.24,52.7,55.94,58.82,57.2,47.48,52.52,54.68,60.62,63.86,51.44,48.38,46.04,56.12,65.84,62.96,58.28,60.44,65.12,71.78,58.82,55.22,57.02,62.42,66.74,55.04,46.4,55.04
1234,Tmax,2018,APR,64.4,55.58,49.64,54.5,62.06,69.08,69.8,63.14,54.32,59,65.12,65.66,67.46,68.36,60.8,61.16,69.08,73.94,69.98,60.44,47.48,57.74,66.2,69.8,72.14,73.04,74.48,71.24,71.78,73.58,-999999
1234,Tmax,2018,MAY,73.76,74.84,73.22,77.54,71.42,71.78,68.18,62.96,61.7,65.48,59.36,55.4,59.72,67.28,70.88,74.48,76.28,77.72,74.48,75.56,74.12,74.84,75.02,78.98,77,70.7,76.46,74.66,68.18,68,66.74
1234,Tmax,2018,JUN,68,70.52,73.4,75.2,76.82,76.82,76.82,79.88,79.88,79.88,79.88,77.36,81.14,84.92,81.86,79.52,74.66,75.38,74.12,73.94,76.46,77,77.72,76.28,80.24,81.5,86.54,88.52,78.26,80.6,-999999
1234,Tmax,2018,JUL,83.84,85.82,85.64,81.32,79.34,80.06,81.32,87.8,90.32,89.96,92.66,88.7,84.74,82.58,79.88,80.78,80.96,86.54,80.96,81.5,83.66,83.3,84.56,86.9,82.22,85.82,84.92,83.66,84.92,88.52,89.78
1234,Tmax,2018,AUG,86.9,84.38,82.76,80.6,82.76,84.56,82.76,82.04,79.52,78.44,75.56,78.08,78.8,79.52,82.94,87.44,89.78,86,81.14,79.34,83.66,83.84,82.4,86.36,90.14,91.76,89.6,90.86,86,82.58,84.92
1234,Tmax,2018,SEP,84.2,84.92,81.68,85.1,88.7,78.26,73.04,73.94,74.66,70.52,71.42,76.46,83.3,73.58,72.14,73.22,71.06,71.6,72.86,74.12,75.2,78.44,79.7,83.66,80.96,63.68,63.14,70.52,77.54,77.9,-999999
1234,Tmax,2018,OCT,74.3,69.8,74.12,73.22,64.04,61.7,66.38,71.96,70.34,65.84,66.2,66.02,60.98,65.3,67.82,70.7,69.26,67.64,70.52,71.6,59.54,58.46,64.04,66.2,51.26,44.6,50.72,58.64,62.96,64.04,64.94
1234,Tmax,2018,NOV,62.6,62.78,54.68,58.82,56.3,52.52,52.7,55.76,53.06,49.82,53.06,53.96,48.56,42.62,39.02,40.46,41.9,51.62,57.2,55.76,53.42,53.78,46.76,38.3,43.88,52.7,53.96,51.8,51.62,47.48,-999999
1234,Tmax,2018,DEC,44.24,42.98,46.4,44.06,47.3,42.98,37.76,39.02,47.12,49.28,45.14,31.82,30.2,40.1,50,46.22,48.74,47.84,46.94,38.48,39.56,42.26,45.32,38.84,45.14,43.52,21.74,28.76,30.2,27.32,26.24
1234,Tmax,2019,JAN,24.98,42.44,39.38,41.9,41.72,32.36,28.94,24.26,19.4,34.52,37.4,40.82,37.76,37.58,40.64,38.66,26.96,36.14,39.02,40.1,38.66,37.04,41.18,43.88,43.7,47.12,40.28,41.36,44.96,47.12,46.58
1234,Tmax,2019,FEB,38.66,41.72,46.76,50.18,50.9,46.22,45.14,40.64,42.08,37.94,41,48.02,48.56,44.24,39.2,39.74,40.1,48.56,45.5,49.28,51.08,48.92,47.84,48.02,42.62,43.16,35.6,30.56,-999999,-999999,-999999
1234,Tmax,2019,MAR,42.26,50.72,46.58,47.3,51.44,48.56,44.24,48.02,55.58,57.38,59.9,56.3,54.86,52.52,52.52,41,45.32,54.32,59.72,61.7,53.78,49.82,53.6,37.4,46.04,53.42,56.3,48.02,38.12,39.02,46.94
1234,Tmax,2019,APR,47.84,44.42,51.8,55.22,57.92,61.7,55.4,62.96,59.18,53.96,56.48,59,65.66,57.92,52.7,48.92,46.22,49.64,47.12,39.56,39.38,41,52.52,56.66,64.04,63.14,61.16,66.2,67.46,71.6,-999999
1234,Tmax,2019,MAY,56.12,62.6,56.66,62.06,67.28,73.58,68.72,55.58,57.92,58.46,60.8,60.8,68.36,74.3,82.4,78.08,80.42,72.5,66.56,77.36,75.38,75.92,77.9,78.08,69.08,71.06,74.84,82.04,86.9,86,82.94
1234,Tmax,2019,JUN,82.4,82.22,79.52,81.68,81.14,81.14,81.14,83.3,83.3,83.3,83.3,75.02,71.96,74.84,74.84,75.92,79.7,73.22,73.22,68,73.58,69.62,77.72,81.68,84.38,85.1,81.5,84.56,75.92,69.62,-999999
1234,Tmax,2019,JUL,71.06,77.9,84.2,83.3,83.66,80.96,80.24,85.28,83.3,84.2,84.74,74.12,70.34,79.52,71.42,77.72,80.42,66.56,72.86,77.9,77.36,76.1,78.26,77.72,79.16,78.26,82.04,83.66,89.6,89.6,86.72
1234,Tmax,2019,AUG,89.06,85.28,84.2,84.92,75.92,76.28,77.18,81.5,83.48,82.04,79.34,84.02,88.34,97.88,91.58,83.84,82.76,69.26,69.8,71.96,73.4,76.28,79.16,80.78,82.76,81.68,80.24,80.06,81.86,80.96,78.8
1234,Tmax,2019,SEP,79.34,81.86,82.58,79.34,78.8,81.68,77.72,73.58,74.3,76.46,75.92,75.02,74.66,72.86,63.14,57.02,71.42,78.98,82.4,76.46,64.58,60.08,68.36,76.46,70.88,73.22,76.28,69.98,71.6,76.64,-999999
1234,Tmax,2019,OCT,78.8,79.88,75.92,77.9,76.64,66.56,67.28,68.54,70.7,75.2,70.7,67.64,67.46,76.64,78.98,72.5,72.32,69.98,68.9,67.46,62.42,61.52,65.12,66.02,65.84,59.72,59.9,55.04,62.42,62.78,63.32
1234,Tmax,2019,NOV,54.32,43.7,54.14,60.44,64.04,66.2,68.36,65.84,63.86,65.48,65.12,63.5,60.8,63.68,57.74,57.56,53.42,54.32,51.62,46.58,45.86,49.64,53.24,53.24,54.68,51.98,47.84,50.9,51.44,54.14,-999999
1234,Tmax,2019,DEC,46.04,37.94,46.4,40.46,31.64,29.48,28.58,29.48,30.02,37.58,45.5,41.36,47.66,50.18,48.56,46.94,48.2,50.72,52.88,55.04,53.24,52.88,52.52,44.6,39.92,34.52,34.16,34.88,32.9,37.94,38.66
1234,Tmax,2020,JAN,35.06,31.64,33.44,30.56,35.42,37.94,40.46,37.58,32,30.56,36.86,39.02,39.74,43.52,40.64,35.78,33.8,31.64,27.86,31.1,25.88,31.64,33.98,27.32,37.76,47.66,48.92,44.06,42.98,39.74,31.82
1234,Tmax,2020,FEB,33.08,40.82,45.86,44.24,48.74,46.58,33.08,23.9,18.32,20.48,31.28,36.14,35.78,36.5,40.82,34.88,34.34,39.2,43.88,48.02,43.16,38.48,41,44.24,42.26,56.48,50,54.14,48.56,-999999,-999999
1234,Tmax,2020,MAR,42.8,51.26,58.46,64.4,60.08,54.5,58.1,65.84,65.3,57.2,57.92,61.52,62.42,62.42,62.06,50.18,26.42,26.06,29.84,32.9,44.24,52.88,57.74,58.82,56.12,56.66,57.38,48.02,46.04,43.88,52.16
1234,Tmax,2020,APR,48.92,55.94,44.24,54.86,65.84,59.18,54.32,56.12,54.86,54.86,55.58,55.4,57.38,62.24,56.3,51.98,62.42,66.92,68,70.16,61.52,49.64,46.58,52.7,59,60.08,64.76,63.68,66.02,60.62,-999999
1234,Tmax,2020,MAY,53.96,56.84,59.72,59,56.12,60.44,64.58,49.82,56.66,60.62,68.72,77.9,74.3,76.1,80.24,84.56,78.98,84.02,80.6,84.74,86.54,73.22,53.96,54.5,62.96,74.12,78.8,71.6,59,66.2,69.98
1234,Tmax,2020,JUN,71.06,65.48,67.46,68.54,75.74,83.12,87.26,87.08,86.72,87.26,77.72,73.76,64.94,71.96,77.36,80.78,83.48,77.18,69.62,72.68,78.62,79.52,82.22,76.28,78.62,77.72,76.82,80.96,81.68,80.96,-999999
1234,Tmax,2020,JUL,81.86,83.12,86.72,89.78,88.88,87.8,91.22,88.52,82.04,79.52,82.4,85.1,81.68,83.84,88.88,91.22,86.18,86.54,93.2,93.38,84.56,78.98,80.42,82.76,83.84,89.42,92.3,86.54,85.82,86.36,84.02
1234,Tmax,2020,AUG,85.28,84.02,79.7,81.68,84.38,87.08,88.16,88.7,85.64,83.66,82.22,81.86,81.5,79.16,75.2,76.28,74.66,79.7,84.38,86.9,78.62,77.18,76.46,78.62,84.02,86.9,86.54,84.38,87.62,89.96,89.96
1234,Tmax,2020,SEP,91.58,93.92,96.98,96.26,82.22,77.9,81.68,84.38,75.92,79.34,85.1,88.88,81.14,80.78,79.52,80.42,84.38,85.46,77.36,76.64,71.6,71.06,77.18,79.88,70.7,76.46,82.94,81.14,82.76,69.26,-999999
1234,Tmax,2020,OCT,71.78,66.56,70.16,71.78,75.2,79.88,81.32,82.94,82.04,73.94,74.84,76.82,75.92,77.54,72.14,74.3,74.84,73.94,62.78,58.64,61.88,69.62,71.42,73.58,74.12,74.66,75.38,72.86,68.72,65.66,55.22
1234,Tmax,2020,NOV,55.94,54.5,57.02,52.16,51.26,50.36,49.28,52.7,53.24,54.14,49.64,49.1,50.54,50.18,48.92,48.2,50.9,47.3,45.5,37.58,42.08,41.54,39.74,43.88,40.64,39.56,40.1,45.5,44.96,44.96,-999999
1234,Tmax,2020,DEC,46.94,48.92,50.36,49.82,47.3,47.66,49.82,46.58,46.76,49.46,45.14,48.92,47.66,46.58,46.58,46.4,41.18,40.46,40.1,39.38,37.76,37.76,33.26,33.08,47.3,48.2,46.94,47.12,50.72,48.74,50.72
1234,Tmax,2021,JAN,48.38,48.2,45.68,46.58,51.08,49.46,50.54,51.98,53.24,54.68,58.1,59.9,56.84,34.34,33.62,36.86,38.84,24.8,20.66,23.54,32.18,38.3,39.02,42.44,42.8,44.96,53.6,42.08,32.54,39.56,42.08
1234,Tmax,2021,FEB,48.74,55.4,51.44,53.78,50.18,53.6,58.64,59,58.28,53.24,60.44,52.88,41.54,48.56,47.48,28.94,16.88,18.14,25.34,27.68,25.88,37.58,45.68,45.5,39.56,42.26,49.82,48.74,-999999,-999999,-999999
1234,Tmax,2021,MAR,37.04,38.66,47.12,43.52,53.78,55.4,45.5,41.54,48.56,51.98,53.78,34.7,50.54,51.62,47.66,45.14,38.3,39.38,47.48,49.46,59.9,63.68,52.52,37.22,28.94,37.22,33.26,43.7,49.64,44.42,48.02
1234,Tmax,2021,APR,44.6,47.12,52.88,57.02,59.18,63.5,70.52,62.96,50,31.1,36.68,40.82,47.3,59.72,61.16,64.4,67.1,65.84,63.32,65.66,61.52,60.26,65.84,67.1,64.4,59.54,63.32,72.32,77.36,71.78,-999999
1234,Tmax,2021,MAY,73.76,77,80.96,73.04,69.26,62.06,68.18,79.16,62.42,56.3,66.74,75.2,78.8,80.78,81.14,72.5,65.66,76.82,71.96,85.82,83.12,61.52,64.22,70.34,77.36,82.04,81.14,79.88,69.08,74.66,73.4
1234,Tmax,2021,JUN,65.12,60.62,63.5,62.6,64.04,69.44,74.3,78.8,75.02,73.22,70.88,68.54,74.84,77.36,72.86,69.8,69.26,73.76,79.34,84.38,80.24,76.1,76.82,78.08,78.62,75.74,80.42,82.04,81.68,84.2,-999999
1234,Tmax,2021,JUL,87.26,92.12,86.9,73.22,75.92,80.78,80.42,84.38,82.22,80.6,81.86,85.82,87.62,83.66,84.02,84.92,90.86,96.08,95.36,93.38,92.48,82.76,79.34,78.44,79.88,82.22,81.32,80.96,80.42,82.94,84.56
1234,Tmax,2021,AUG,86,83.66,86.9,89.78,89.06,91.4,83.3,72.5,75.38,71.78,74.3,77.36,77.36,75.92,75.38,77.36,82.4,85.64,84.56,82.94,82.4,82.4,79.7,79.88,84.02,88.7,91.04,94.46,88.52,90.5,86.18
1234,Tmax,2021,SEP,87.62,74.12,69.44,71.06,73.94,72.5,69.8,74.66,78.98,77,72.86,75.02,76.1,77.9,70.34,55.4,60.08,69.62,75.74,76.1,77.36,65.48,55.22,58.64,63.32,65.48,69.8,68,64.76,59.54,-999999
1234,Tmax,2021,OCT,60.26,62.78,61.7,59.36,58.82,57.02,59.72,64.94,73.4,76.1,73.94,74.12,65.12,66.2,69.8,70.34,60.26,58.64,57.2,53.6,57.02,65.3,65.48,64.94,50.9,48.02,57.92,58.64,53.96,53.24,58.82
1234,Tmax,2021,NOV,64.94,61.52,60.44,62.06,60.8,61.52,61.16,63.14,66.38,56.84,37.4,41,48.2,55.04,54.5,46.04,55.58,56.84,50.72,40.82,46.04,53.42,56.66,48.92,38.48,49.64,50.72,56.84,63.14,62.78,-999999
1234,Tmax,2021,DEC,42.8,40.82,47.48,51.8,51.26,52.88,56.66,46.94,44.24,52.34,54.68,58.28,59.9,51.26,43.34,36.86,33.44,30.2,32.72,34.52,27.5,21.56,23.54,21.02,32,37.22,39.92,41.9,45.14,42.98,44.42
1234,Tmax,2022,JAN,43.88,42.08,36.14,43.34,48.56,50.9,49.64,48.2,51.26,44.78,46.22,40.46,35.6,23.72,25.34,26.06,23.54,27.86,22.46,16.34,31.28,34.88,33.98,19.04,14.72,19.04,22.46,19.4,24.44,30.02,31.64
1234,Tmax,2022,FEB,34.16,44.42,45.86,37.94,26.42,32.54,33.44,40.46,39.2,30.02,36.5,43.52,36.86,29.84,31.28,31.46,34.7,37.04,36.68,40.1,47.3,43.16,53.06,53.96,41,39.56,47.84,50.54,-999999,-999999,-999999
1234,Tmax,2022,MAR,39.74,38.3,41.54,26.42,38.66,41.36,48.56,42.26,38.48,30.02,25.16,21.02,23.9,27.86,27.68,32.54,35.24,28.94,23.72,29.66,28.76,34.7,37.58,37.94,42.98,36.32,45.5,54.86,54.32,54.14,59
1234,Tmax,2022,APR,75.2,73.22,62.96,57.92,67.46,64.58,62.06,59,66.38,63.14,61.16,40.64,41.36,50.9,57.02,62.42,62.78,75.02,63.14,56.48,58.46,66.74,75.02,78.08,79.7,76.64,71.6,73.4,73.58,68.9,-999999
1234,Tmax,2022,MAY,56.3,59.72,62.6,60.26,46.94,47.3,48.38,52.7,59.18,61.16,64.4,63.32,67.28,73.58,65.12,67.1,65.3,70.16,62.24,54.68,67.1,73.58,67.82,64.4,69.08,74.84,74.84,76.82,80.42,84.56,84.56
1234,Tmax,2022,JUN,81.68,82.4,86.9,82.76,81.68,74.66,75.02,76.46,73.4,78.62,83.3,71.24,67.28,68.54,72.14,75.38,78.26,78.8,78.26,81.14,77.54,77.54,75.02,70.7,71.6,68.54,66.56,71.42,70.34,78.08,-999999
1234,Tmax,2022,JUL,73.58,76.28,75.02,78.08,77.9,80.78,82.94,84.92,87.44,81.68,77.9,79.7,80.78,77.18,77,78.26,78.98,75.74,75.56,76.1,75.38,78.44,79.16,76.64,78.08,80.06,82.94,87.44,90.32,89.6,88.88
1234,Tmax,2022,AUG,91.58,87.26,88.52,90.5,88.34,89.78,84.92,84.56,86,85.1,80.96,84.74,85.1,87.8,85.1,82.22,84.56,86,85.46,84.38,85.82,90.5,91.04,91.58,81.5,85.82,83.48,88.52,87.98,89.78,88.34
1234,Tmax,2022,SEP,85.46,86.9,86.36,82.4,78.26,69.98,67.46,70.7,75.56,80.78,85.46,84.56,71.6,71.42,77,84.2,88.7,88.34,78.62,78.08,69.98,55.94,55.94,55.94,55.94,55.94,55.94,55.94,55.94,55.94,-999999
1234,Tmax,2022,OCT,55.94,55.94,55.94,55.94,55.94,55.94,55.94,55.94,55.94,55.94,55.94,55.94,63.86,62.24,66.56,62.06,62.96,64.76,61.52,57.92,53.06,49.64,60.62,61.7,58.64,61.34,61.7,54.86,53.96,56.3,60.08
1234,Tmax,2022,NOV,58.46,57.92,61.52,61.16,63.5,62.06,57.02,48.74,50.36,45.14,51.98,51.98,52.52,46.76,49.46,54.32,53.96,57.74,60.98,60.98,61.88,52.88,55.4,55.76,45.86,42.98,42.98,43.16,50.18,51.8,-999999
1234,Tmax,2022,DEC,55.4,53.06,50,46.4,42.98,40.82,49.1,50.9,51.62,51.98,53.24,48.38,53.6,46.76,52.16,56.12,54.68,53.96,47.84,37.94,32.36,32.54,32.72,36.32,38.3,38.12,41,44.78,44.42,42.8,42.44
1234,Tmin,2015,JAN,32,32.18,29.66,27.32,28.94,21.92,17.78,5.9,4.28,4.28,17.78,28.04,28.94,27.14,30.92,27.68,22.64,21.38,21.2,27.68,31.46,35.06,30.74,35.24,36.5,36.14,36.32,31.82,31.46,31.64,34.52
1234,Tmin,2015,FEB,40.1,39.56,34.34,32,34.7,38.48,38.66,29.48,31.82,30.56,30.02,29.66,29.84,30.02,29.12,28.76,22.28,15.44,14.36,19.58,10.58,14.9,24.44,32.72,34.16,36.32,35.78,37.4,-999999,-999999,-999999
1234,Tmin,2015,MAR,35.24,35.96,35.24,29.12,25.52,35.06,42.8,42.44,41.54,49.46,43.34,35.78,35.24,35.24,34.34,35.24,30.02,30.02,33.62,31.46,25.88,24.26,29.84,33.62,30.74,35.78,46.04,42.08,41.18,38.84,39.56
1234,Tmin,2015,APR,38.12,34.88,27.86,28.4,30.74,37.04,37.04,36.32,35.78,28.76,24.44,30.56,32,34.88,42.26,40.82,46.04,44.6,45.5,41.9,37.22,29.3,26.96,25.52,39.56,45.14,44.6,53.6,53.06,46.4,-999999
1234,Tmin,2015,MAY,46.94,43.88,46.94,43.88,42.98,49.64,52.34,52.16,52.16,52.16,52.16,42.8,37.94,41.18,49.1,55.76,62.42,60.44,55.4,63.86,54.14,52.16,50.9,56.48,57.74,55.76,56.66,49.1,47.84,46.4,47.12
1234,Tmin,2015,JUN,49.28,52.16,51.44,49.82,49.46,51.08,55.04,55.76,54.14,54.32,51.44,52.16,54.5,55.4,55.94,58.1,55.76,57.38,52.52,53.24,55.94,59,55.94,54.86,53.06,53.24,53.6,51.62,50.72,51.44,-999999
1234,Tmin,2015,JUL,55.76,55.04,54.14,53.24,55.4,57.92,56.66,54.68,59.54,66.02,60.98,56.48,51.44,52.88,61.16,55.58,51.98,51.26,50.72,51.26,62.24,54.14,55.76,65.12,65.84,68,67.46,68.54,65.12,67.1,71.6
1234,Tmin,2015,AUG,66.74,62.42,61.16,68.36,65.12,65.48,63.32,61.16,63.14,64.4,67.28,64.94,68,71.78,67.64,63.5,60.98,70.88,70.34,63.86,62.6,61.52,67.1,61.52,54.14,50.36,53.42,52.16,51.26,53.96,53.78
1234,Tmin,2015,SEP,51.08,59.36,70.34,66.92,67.1,69.98,71.06,69.62,60.62,57.74,70.52,68.36,58.28,59.36,60.98,63.32,60.44,57.56,58.28,63.68,60.08,58.46,59,56.84,62.6,58.1,61.52,62.42,63.68,53.42,-999999
1234,Tmin,2015,OCT,51.98,53.78,53.42,54.32,53.24,49.64,47.3,49.1,50.9,44.24,52.34,58.64,53.96,51.44,51.26,45.5,45.32,55.94,57.38,59,56.48,52.16,54.86,51.44,45.5,41.36,35.96,35.06,37.94,39.74,39.74
1234,Tmin,2015,NOV,31.64,28.94,34.52,40.64,45.14,46.76,46.4,41,35.06,32,36.5,43.7,45.14,42.98,43.52,40.46,38.84,32.54,37.94,40.46,42.26,38.12,44.78,44.96,46.94,45.68,45.68,42.8,37.94,33.26,-999999
1234,Tmin,2015,DEC,28.4,26.24,21.56,22.28,18.86,24.44,28.04,35.6,30.56,31.82,32.72,31.64,24.8,26.78,23.36,21.74,23.72,24.26,24.8,20.48,21.56,15.44,20.84,18.14,21.56,29.3,29.66,21.56,23.9,17.78,11.84
1234,Tmin,2016,JAN,9.14,6.8,9.68,25.7,29.66,38.66,41.54,30.92,28.22,28.22,35.96,35.96,33.08,29.48,26.24,32.54,31.82,34.34,20.12,16.52,23.18,26.06,18.14,13.82,6.08,6.44,13.64,13.28,24.26,33.26,31.82
1234,Tmin,2016,FEB,33.8,32.54,32.18,40.82,38.84,27.68,22.28,19.58,24.44,30.92,32.36,38.66,41.36,39.2,43.7,50,50.18,50.9,45.86,38.48,34.88,26.96,26.24,34.16,39.92,43.16,44.24,43.52,44.24,-999999,-999999
1234,Tmin,2016,MAR,50.72,50.36,40.1,35.96,31.82,31.28,39.74,41.18,45.32,44.6,38.66,41.72,44.24,35.6,28.04,26.96,20.12,27.68,35.78,32.36,31.64,34.34,43.52,43.34,40.64,33.62,32.54,30.02,29.3,34.16,40.64
1234,Tmin,2016,APR,44.06,46.4,43.16,41.72,46.58,51.8,54.68,54.68,54.5,47.12,45.68,40.1,44.06,45.14,51.44,56.12,56.12,56.12,59,62.6,39.38,29.66,48.74,54.86,48.02,45.86,40.82,42.44,46.76,50,-999999
1234,Tmin,2016,MAY,48.02,44.42,49.82,42.26,41.36,41.36,42.26,45.32,48.74,47.84,46.4,50.18,55.22,54.86,55.58,50.54,55.58,45.14,43.16,48.92,53.6,47.84,47.84,46.4,49.64,49.1,46.76,44.42,46.22,52.34,55.04
1234,Tmin,2016,JUN,55.04,58.64,58.1,57.56,55.76,55.04,52.52,50.18,45.5,43.7,56.48,58.82,63.14,60.62,59.72,54.14,54.68,53.24,55.4,59.36,57.92,58.1,58.64,60.62,58.28,61.34,68.54,61.52,60.08,54.68,-999999
1234,Tmin,2016,JUL,59.18,59.9,59.36,58.82,55.94,53.24,58.1,59.18,51.08,57.38,55.22,51.44,57.38,70.52,72.68,71.96,70.34,71.24,62.78,58.64,59,59.9,62.06,55.76,53.96,55.76,58.64,60.26,58.64,64.58,61.7
1234,Tmin,2016,AUG,60.08,67.1,69.98,65.66,64.22,62.42,62.78,62.78,60.62,64.76,66.2,72.5,63.32,63.32,63.32,53.24,54.5,58.1,60.8,66.02,68.36,66.02,69.08,67.1,62.96,62.24,61.34,60.62,60.98,64.76,61.7
1234,Tmin,2016,SEP,55.58,52.52,50.72,52.7,55.04,61.7,60.8,52.88,60.62,60.8,66.02,63.86,59,57.2,55.76,52.52,50.9,58.82,62.6,56.48,48.56,51.98,46.22,38.84,38.84,41.9,44.96,46.4,46.22,48.92,-999999
1234,Tmin,2016,OCT,43.16,56.48,60.62,61.16,62.96,57.2,57.56,54.5,52.52,50.9,55.22,59.18,56.48,48.56,41.72,41.54,44.24,36.86,33.98,44.6,41.54,48.56,53.96,49.28,40.82,38.3,41.36,44.24,43.34,41.36,37.76
1234,Tmin,2016,NOV,30.2,26.6,34.34,44.24,45.86,46.22,43.7,48.2,53.6,49.64,48.2,46.22,46.4,44.06,40.64,29.48,24.26,24.44,29.66,32.9,37.94,37.4,33.8,36.5,37.04,37.94,37.94,39.56,39.2,30.56,-999999
1234,Tmin,2016,DEC,27.14,24.26,24.8,30.2,25.7,22.64,28.58,22.64,19.58,30.38,31.1,35.78,28.76,13.82,12.74,16.88,19.04,12.56,11.48,5.54,14.18,15.26,27.86,29.12,28.04,27.32,28.4,23.36,28.76,24.44,21.02
1234,Tmin,2017,JAN,18.5,12.02,12.92,8.78,25.52,34.34,27.14,21.74,15.98,15.08,29.3,27.68,17.78,18.32,27.32,31.28,35.78,32.9,29.66,28.4,23,20.66,17.78,20.66,29.48,18.68,13.46,11.84,13.64,10.58,5.54
1234,Tmin,2017,FEB,7.34,10.04,18.68,28.76,31.46,32.54,35.24,33.26,34.7,35.42,25.52,19.58,14.18,13.46,16.52,18.14,15.8,22.46,28.76,31.1,33.26,32.9,32,35.78,32.9,40.1,40.82,42.98,-999999,-999999,-999999
1234,Tmin,2017,MAR,45.14,41.54,37.94,32.36,27.32,38.48,39.56,37.22,42.98,38.12,38.3,33.62,35.42,29.3,28.04,30.56,29.48,24.44,26.96,36.68,35.24,36.5,27.5,28.58,41.36,43.34,38.12,30.92,37.4,45.68,42.08
1234,Tmin,2017,APR,39.02,34.7,37.4,46.76,48.38,42.08,40.64,33.8,28.94,30.2,31.46,37.94,39.74,42.44,42.44,47.3,43.7,40.1,38.48,44.42,42.44,36.68,31.28,30.92,31.1,36.86,49.1,53.06,54.5,56.3,-999999
1234,Tmin,2017,MAY,52.52,48.74,50,45.68,48.92,47.66,40.82,47.84,52.34,55.04,47.3,47.84,58.82,61.16,46.4,43.52,41.18,47.48,47.3,44.24,40.28,42.62,40.64,44.78,52.16,48.56,47.66,48.2,45.68,48.56,49.28
1234,Tmin,2017,JUN,46.4,52.88,57.02,55.94,53.78,78.8,78.8,78.8,63.32,63.32,63.32,63.32,54.5,55.76,53.24,53.78,50,56.3,51.62,46.04,49.46,53.42,54.86,61.34,61.88,56.66,66.74,72.86,66.56,63.68,-999999
1234,Tmin,2017,JUL,64.22,62.42,75.74,73.22,61.7,53.78,51.62,51.62,54.5,58.82,59,60.98,61.7,64.76,60.44,64.22,61.34,71.42,63.5,59.18,58.64,61.88,61.88,57.92,59.72,72.5,72.68,63.86,57.92,57.92,55.22
1234,Tmin,2017,AUG,56.48,59,65.48,63.14,61.52,60.98,66.74,72.14,67.28,64.58,62.96,64.04,68,70.7,63.5,61.52,62.42,63.14,63.5,65.48,66.38,62.96,58.82,54.86,53.42,51.44,51.8,56.48,59,57.74,56.84
1234,Tmin,2017,SEP,51.08,60.8,63.32,71.42,67.64,52.88,45.68,55.04,64.04,70.7,68.18,69.44,70.88,65.12,64.76,69.8,70.34,73.94,74.12,70.52,71.42,56.66,54.86,51.98,52.16,60.08,54.86,53.78,45.86,47.12,-999999
1234,Tmin,2017,OCT,50.9,48.2,44.24,36.68,42.26,49.28,52.16,55.58,46.4,45.68,42.26,42.08,41.36,47.84,41.72,43.52,39.38,42.44,48.2,52.88,52.52,53.42,51.8,50,48.74,46.04,43.52,48.74,45.32,39.56,33.08
1234,Tmin,2017,NOV,29.3,27.86,36.5,42.44,39.92,38.3,39.2,38.3,41,41,42.8,41.54,46.4,44.96,49.28,43.34,44.24,46.76,46.58,42.98,29.3,23.18,27.32,34.52,34.52,34.88,39.56,40.1,34.52,35.6,-999999
1234,Tmin,2017,DEC,36.14,42.08,47.12,48.38,31.82,24.44,19.76,19.76,19.76,19.76,19.76,38.84,40.82,37.22,39.56,37.94,40.82,43.52,38.84,36.5,39.02,41.72,35.24,26.42,24.08,26.6,31.1,37.22,38.48,37.76,33.26
1234,Tmin,2018,JAN,31.46,30.02,35.96,36.68,32.9,34.88,33.62,26.06,23.36,28.04,30.2,34.88,37.04,31.46,27.14,26.06,31.82,27.5,21.92,23.18,33.8,34.7,29.3,23.18,19.22,20.84,23.18,24.8,24.08,22.1,30.38
1234,Tmin,2018,FEB,33.26,32.54,36.5,44.06,39.92,40.1,37.58,41.9,39.92,39.56,44.96,36.86,33.62,33.98,35.78,35.24,36.32,31.64,31.28,36.86,37.76,37.22,39.92,37.94,33.26,30.38,32.18,38.66,-999999,-999999,-999999
1234,Tmin,2018,MAR,25.88,26.96,40.1,41.54,39.02,42.8,42.62,40.46,37.4,37.94,41,41.9,43.16,36.68,35.78,35.06,39.02,46.22,47.12,46.4,41.9,44.78,56.66,40.82,37.4,39.02,44.42,45.5,39.02,35.96,39.56
1234,Tmin,2018,APR,45.68,34.16,33.62,37.58,45.68,50.18,52.16,52.52,43.34,41.72,49.1,52.16,50.18,52.88,42.44,39.92,50.18,55.04,55.76,38.66,35.06,32.54,46.94,51.44,52.88,52.7,52.7,51.62,46.4,52.7,-999999
1234,Tmin,2018,MAY,54.14,51.98,50.18,59.54,54.32,50.36,46.76,46.94,46.58,47.48,47.3,47.48,41.54,47.3,55.04,57.74,57.2,59.72,56.3,52.52,51.62,54.68,52.34,55.22,54.68,53.06,54.68,55.94,52.7,52.34,52.88
1234,Tmin,2018,JUN,52.16,50.18,49.28,55.58,59,59,59,57.56,57.56,57.56,57.56,52.52,52.7,61.88,59.54,54.68,52.88,56.12,55.94,55.4,58.1,55.22,58.1,57.38,55.76,57.56,65.3,67.82,60.8,60.62,-999999
1234,Tmin,2018,JUL,62.42,62.42,58.1,58.28,54.86,55.94,55.94,62.06,68,67.1,69.62,63.5,60.62,60.08,59.36,57.38,59.9,65.48,60.98,61.34,62.78,59.72,62.42,67.82,64.58,65.84,64.94,63.68,64.22,64.22,64.22
1234,Tmin,2018,AUG,62.24,64.4,61.34,58.82,59,60.62,60.26,59.72,58.28,56.84,50.18,55.04,52.7,51.98,54.32,64.22,67.64,64.76,58.46,55.76,60.98,62.06,57.02,59.36,67.46,68,66.92,67.82,66.92,62.78,63.14
1234,Tmin,2018,SEP,61.34,64.76,58.82,64.58,68.72,60.98,53.96,55.94,57.92,55.4,54.14,57.2,56.3,55.4,50.36,55.76,51.44,51.8,47.12,49.28,55.4,61.34,59.9,61.7,63.68,46.58,44.78,42.8,57.02,57.2,-999999
1234,Tmin,2018,OCT,54.5,52.7,58.64,57.2,47.66,38.12,39.38,55.76,53.96,52.16,48.74,50.18,50.54,49.28,50.36,55.22,54.68,56.3,58.28,54.32,47.48,45.86,50.9,49.82,31.82,30.92,36.32,42.62,47.66,52.7,53.06
1234,Tmin,2018,NOV,51.26,49.1,42.08,43.52,40.28,36.86,37.94,42.08,41.72,42.08,43.16,42.26,37.58,32.72,29.3,30.2,29.48,33.44,44.42,46.04,47.3,43.34,37.04,31.82,35.06,36.14,43.52,46.94,44.78,39.92,-999999
1234,Tmin,2018,DEC,38.12,36.14,35.78,35.96,39.92,37.58,30.92,29.12,29.48,39.02,31.1,29.12,19.58,26.24,38.3,35.78,39.56,39.38,38.12,35.78,36.68,31.64,32.9,30.74,35.06,21.38,18.32,21.02,18.14,20.66,20.12
1234,Tmin,2019,JAN,17.06,24.62,31.1,31.64,30.74,24.08,16.7,19.22,12.92,14.36,31.28,32.18,30.56,30.38,31.82,18.68,15.08,21.56,21.92,29.66,32.9,30.38,33.44,32.36,33.26,35.78,33.98,34.52,31.46,34.52,33.98
1234,Tmin,2019,FEB,30.92,30.02,34.88,36.86,38.3,36.86,37.4,36.32,33.44,32.72,30.56,32.72,34.7,33.08,29.3,26.78,25.16,33.08,32.36,34.7,36.5,34.52,34.34,37.58,31.1,32.36,24.98,20.66,-999999,-999999,-999999
1234,Tmin,2019,MAR,19.76,33.08,32.36,29.48,35.06,31.28,31.1,32,38.66,42.8,41.72,39.92,40.82,34.52,38.3,32.54,29.84,35.42,43.34,44.42,37.94,28.58,35.42,21.2,23,28.04,37.76,29.3,25.7,23.72,25.52
1234,Tmin,2019,APR,33.8,38.3,33.62,38.3,43.52,41,43.52,45.68,39.2,37.76,38.48,41,44.42,46.04,40.28,39.56,35.06,32.18,32.72,28.76,26.96,30.02,34.7,43.34,46.22,50.54,47.84,49.64,48.02,52.34,-999999
1234,Tmin,2019,MAY,50.9,41.36,40.46,44.06,50.18,52.16,51.08,38.48,37.58,46.22,45.68,41.72,47.48,53.06,58.64,64.76,55.4,53.06,48.56,57.56,62.24,56.12,58.1,57.92,49.1,51.98,54.86,57.02,63.5,67.28,61.34
1234,Tmin,2019,JUN,59.36,59.9,63.14,62.6,57.38,57.38,57.38,77.9,77.9,77.9,77.9,62.06,55.94,55.4,55.4,56.3,57.38,57.2,57.74,54.68,57.02,58.1,60.44,63.14,63.5,62.24,59.72,70.7,58.82,51.26,-999999
1234,Tmin,2019,JUL,46.94,48.02,62.42,59.72,58.46,57.56,57.38,59,65.66,64.4,59.9,53.78,53.42,53.78,54.68,55.4,58.1,56.12,56.12,53.96,54.32,57.02,53.96,55.22,59.9,55.94,55.4,57.56,64.58,69.08,67.46
1234,Tmin,2019,AUG,64.58,66.02,62.42,64.58,58.28,53.24,50.72,51.26,56.48,55.4,54.68,53.24,55.76,68.9,70.52,62.6,59.9,56.48,54.14,54.5,56.84,58.46,59.54,60.44,58.1,59.54,57.56,57.38,58.82,59.18,56.12
1234,Tmin,2019,SEP,57.56,61.16,58.82,57.74,55.76,60.62,58.64,52.88,53.24,54.68,55.22,53.96,52.88,53.42,53.24,50.54,54.86,58.64,63.86,61.88,50.18,37.22,46.58,57.74,54.68,55.76,58.82,52.16,50.72,57.38,-999999
1234,Tmin,2019,OCT,61.88,57.02,58.46,59.36,58.1,51.08,46.04,52.88,53.42,57.74,56.48,52.52,43.88,55.4,67.64,59.36,57.02,56.48,53.96,53.06,49.1,48.02,48.56,45.86,48.2,45.5,43.88,44.42,48.38,48.74,49.46
1234,Tmin,2019,NOV,41.54,33.08,36.14,43.7,47.48,52.88,54.68,52.16,51.44,50.9,51.62,51.26,48.02,50.54,49.46,45.86,44.06,42.26,40.64,39.02,36.14,36.68,39.2,41.18,41.54,43.52,41.9,40.46,38.3,43.52,-999999
1234,Tmin,2019,DEC,35.42,30.92,31.1,31.64,27.32,24.62,24.62,24.98,27.86,28.4,34.88,37.4,36.32,39.02,37.4,36.14,36.86,38.48,42.98,40.46,42.44,42.44,37.94,37.94,33.08,31.28,30.92,29.84,29.84,31.46,33.8
1234,Tmin,2020,JAN,30.2,28.04,25.52,26.24,24.98,26.96,33.62,31.82,26.42,24.8,24.8,28.22,30.2,27.5,32.36,24.08,26.06,24.08,22.82,22.82,22.82,21.38,22.28,16.52,19.94,29.84,33.08,33.44,33.08,31.82,21.56
1234,Tmin,2020,FEB,23.36,30.38,33.98,36.5,39.74,31.28,23.9,11.84,6.62,11.66,12.74,29.48,25.7,23.54,27.68,28.76,24.26,23.9,31.46,33.44,35.06,33.98,30.74,32.9,28.76,32.54,40.1,33.44,35.42,-999999,-999999
1234,Tmin,2020,MAR,32.72,33.44,42.26,46.04,45.14,37.76,40.46,47.66,51.26,42.8,39.02,43.52,44.06,43.88,46.4,25.16,19.22,15.26,23.18,27.86,28.4,32.9,41,43.16,38.84,34.52,44.24,41,35.06,32.18,35.06
1234,Tmin,2020,APR,37.58,33.26,30.74,35.96,45.5,36.86,30.92,33.26,38.3,35.24,35.42,39.02,33.62,44.78,45.86,37.04,32.54,49.82,52.52,54.14,49.46,40.46,33.08,28.04,40.1,42.98,48.2,46.22,47.48,48.38,-999999
1234,Tmin,2020,MAY,44.96,46.22,45.68,44.06,43.88,42.26,44.6,41.72,41,39.02,50.36,55.76,57.92,53.96,64.58,67.46,61.7,67.28,60.26,67.64,66.74,39.74,32.36,34.88,35.24,53.42,49.46,49.82,43.52,47.48,51.08
1234,Tmin,2020,JUN,52.52,46.76,47.3,49.28,55.22,62.78,64.4,65.84,62.24,64.04,54.68,53.06,52.16,51.08,53.96,58.46,66.02,54.5,53.6,53.78,57.56,56.12,60.44,55.58,59.18,54.68,55.04,56.66,56.84,57.92,-999999
1234,Tmin,2020,JUL,55.58,56.66,60.62,72.14,69.08,61.34,67.46,65.12,59.36,54.14,54.5,59.36,59.36,58.1,61.7,67.82,63.14,58.46,63.14,72.14,62.96,55.58,53.6,55.04,56.66,66.02,73.58,66.56,60.98,64.04,60.62
1234,Tmin,2020,AUG,63.5,60.08,53.78,53.78,57.38,58.1,64.58,65.3,62.6,60.98,61.16,59,59.36,55.04,51.62,50.54,50.54,51.8,59.54,69.8,59,57.2,55.76,55.4,59.18,69.8,64.04,62.06,62.24,66.38,70.88
1234,Tmin,2020,SEP,68.72,74.66,77.9,75.38,61.7,59.54,61.34,65.66,56.66,53.24,60.08,63.5,61.52,63.86,56.3,56.12,58.82,68.18,58.28,53.06,52.16,52.88,58.1,62.42,53.24,56.3,65.3,65.48,58.82,53.96,-999999
1234,Tmin,2020,OCT,57.92,51.44,55.4,55.58,59.36,63.86,65.84,61.34,65.84,58.82,57.02,60.62,58.64,57.74,57.56,59,58.28,55.4,50.36,49.82,45.14,49.1,53.06,58.46,59.9,59.54,58.82,54.14,51.26,50.72,43.88
1234,Tmin,2020,NOV,41.54,37.94,41.72,40.1,41,42.62,37.22,33.98,39.56,43.52,37.76,33.62,39.2,39.2,39.56,38.12,40.64,37.58,31.82,32.18,33.98,32.36,28.22,31.82,30.02,26.78,26.06,31.64,34.88,34.34,-999999
1234,Tmin,2020,DEC,38.3,39.38,40.64,39.38,37.94,40.46,36.68,41,36.14,38.84,36.86,39.92,42.26,38.3,38.48,38.3,36.5,33.44,31.1,29.84,30.92,30.92,24.26,22.28,29.66,32.72,39.02,39.74,36.5,40.28,40.64
1234,Tmin,2021,JAN,35.96,38.84,36.68,37.58,39.38,39.02,39.38,40.28,39.92,41.36,46.58,49.1,31.28,29.3,23.9,26.42,24.8,16.7,12.2,12.74,16.34,25.7,28.76,30.2,32.36,37.22,39.56,27.68,24.26,22.82,32.36
1234,Tmin,2021,FEB,35.06,37.58,39.56,39.56,37.22,37.58,42.62,44.78,41.36,38.3,37.58,35.06,24.8,33.62,28.76,16.7,13.28,10.4,15.8,14.36,14.18,22.1,28.58,35.78,28.22,27.5,33.08,32.9,-999999,-999999,-999999
1234,Tmin,2021,MAR,25.88,23,26.24,23.9,31.28,38.3,33.08,24.98,32.72,37.76,32,21.92,27.14,41.72,40.64,33.8,32,28.58,26.96,34.52,38.84,44.78,33.26,26.78,20.48,17.96,22.28,28.94,34.16,32.18,30.56
1234,Tmin,2021,APR,35.96,33.98,34.52,38.84,45.86,46.04,49.28,44.06,28.94,23.54,25.7,29.12,33.44,37.4,43.16,45.86,51.44,51.8,48.92,46.94,42.44,45.86,46.4,49.1,47.66,48.56,40.46,53.42,56.12,53.24,-999999
1234,Tmin,2021,MAY,55.4,60.8,60.44,58.46,44.06,50.36,48.38,53.6,45.14,32.54,38.66,49.64,56.48,58.46,59.18,55.04,48.56,55.58,48.38,60.8,60.08,45.86,41.36,47.3,51.62,57.74,56.3,57.92,50.36,51.08,56.84
1234,Tmin,2021,JUN,49.1,45.5,42.26,44.24,44.24,48.2,54.86,58.46,51.98,53.06,53.78,52.16,52.34,54.14,51.8,53.06,48.56,52.16,61.16,62.78,55.76,57.74,56.3,59.72,59.18,60.26,58.46,60.62,58.28,56.84,-999999
1234,Tmin,2021,JUL,60.8,72.86,61.7,55.76,54.5,61.16,55.94,65.48,60.26,57.02,58.28,63.5,67.82,62.06,59.18,59.54,66.2,73.94,72.68,72.5,69.26,63.68,55.4,54.14,53.78,59.72,58.82,58.1,53.24,56.66,58.1
1234,Tmin,2021,AUG,63.14,59.36,61.7,66.2,64.94,66.74,57.92,57.02,58.28,58.28,56.48,55.76,56.84,54.32,50.54,52.34,57.38,64.22,66.02,60.08,57.38,57.74,55.94,54.86,61.34,68.9,74.48,72.32,69.8,69.26,63.5
1234,Tmin,2021,SEP,63.5,57.74,50,49.1,50.72,50,45.86,45.86,53.24,59.36,53.24,54.5,59.72,57.2,54.32,51.62,49.28,52.52,59.18,58.1,63.14,54.5,45.68,42.26,44.24,48.02,52.52,47.84,46.4,45.86,-999999
1234,Tmin,2021,OCT,42.08,41.72,45.32,43.34,45.68,41.36,40.46,45.5,51.08,58.1,58.28,57.74,50.36,49.46,53.96,57.02,47.66,43.88,43.7,40.64,35.6,46.76,50.36,49.64,37.4,28.04,37.94,44.78,37.4,35.06,45.32
1234,Tmin,2021,NOV,50,49.82,48.56,49.28,47.3,48.92,46.58,48.56,51.98,35.24,25.52,24.62,32,41.18,44.06,33.62,35.06,45.14,39.74,35.96,32.54,35.96,40.28,38.3,34.34,36.32,45.14,45.68,47.66,42.8,-999999
1234,Tmin,2021,DEC,31.1,27.14,34.52,39.38,40.64,39.02,40.82,32.54,35.06,37.04,39.2,39.74,42.44,41.54,36.5,31.28,27.86,27.5,28.76,24.44,21.02,12.56,13.64,12.92,18.86,27.14,35.6,37.04,35.96,34.16,33.08
1234,Tmin,2022,JAN,35.42,30.74,26.06,34.16,33.62,37.76,40.82,38.84,37.22,32.18,36.5,32.72,21.92,13.82,15.62,15.08,17.96,20.12,10.04,10.58,15.08,30.02,17.78,11.48,9.68,12.56,14.54,7.88,6.62,14,26.96
1234,Tmin,2022,FEB,24.98,32.18,33.44,24.08,14.54,20.12,24.26,32.54,29.84,24.8,21.02,23.54,25.88,24.08,25.34,24.44,22.1,27.68,28.22,29.84,35.6,36.86,38.3,38.48,33.62,31.1,35.06,35.78,-999999,-999999,-999999
1234,Tmin,2022,MAR,30.2,31.28,25.88,17.42,23.18,32.72,33.98,30.2,29.66,24.44,18.68,13.64,12.92,14.9,16.7,18.86,25.16,19.76,12.92,12.56,17.6,20.84,21.92,24.8,24.98,28.04,24.62,35.6,39.56,34.7,43.52
1234,Tmin,2022,APR,48.74,54.68,44.96,37.58,48.02,45.86,42.8,43.16,40.1,47.48,39.38,30.2,24.26,28.58,40.64,41.54,50.9,55.76,42.8,38.84,42.08,45.5,49.82,58.64,60.62,55.4,57.56,48.38,55.58,53.6,-999999
1234,Tmin,2022,MAY,45.5,41,48.74,46.76,40.28,37.94,39.02,40.46,41.54,38.12,48.02,47.3,47.48,55.22,47.12,47.48,47.3,52.7,41.36,36.86,40.82,56.12,50.9,45.86,51.98,54.5,57.92,60.8,63.14,65.48,62.24
1234,Tmin,2022,JUN,57.38,59.72,64.76,60.08,59.18,57.74,55.04,55.04,55.94,60.26,52.88,57.2,54.86,57.38,54.5,54.5,56.12,56.48,55.58,55.04,57.38,53.42,55.4,58.28,50.18,49.46,50.18,54.32,53.24,57.02,-999999
1234,Tmin,2022,JUL,57.92,52.34,52.7,47.66,49.64,52.16,63.68,60.8,64.4,59.72,57.2,55.4,53.6,54.68,50.54,54.68,54.86,57.92,57.02,50.72,51.08,55.22,56.84,52.34,51.26,55.58,58.82,61.16,59.9,63.68,64.4
1234,Tmin,2022,AUG,66.38,67.46,62.24,62.24,66.38,62.78,63.86,61.16,60.8,62.96,64.4,61.52,60.08,63.14,68,64.22,66.38,65.12,62.78,62.06,63.14,68.36,68.18,69.8,61.16,66.74,61.52,68.9,64.4,66.56,69.8
1234,Tmin,2022,SEP,68.18,65.3,68.72,63.86,57.56,55.22,44.96,45.86,51.62,59.72,66.74,63.14,55.22,50.72,56.48,66.02,71.24,70.34,59.72,60.98,52.7,53.96,53.96,53.96,53.96,53.96,53.96,53.96,53.96,53.96,-999999
1234,Tmin,2022,OCT,53.96,53.96,53.96,53.96,53.96,53.96,53.96,53.96,53.96,53.96,53.96,53.96,51.44,43.88,48.02,50.72,49.82,48.2,49.28,48.2,39.92,32,40.28,44.96,44.78,47.3,49.46,39.74,35.42,36.5,45.14
1234,Tmin,2022,NOV,44.78,42.98,44.24,46.94,48.74,48.74,43.52,40.82,41,36.14,36.5,37.58,39.02,34.7,33.98,41.36,39.74,44.06,45.86,48.02,49.28,44.78,40.64,43.7,38.12,34.16,33.62,33.08,38.12,41.54,-999999
1234,Tmin,2022,DEC,42.62,41,41.54,38.12,34.7,32,35.42,38.84,38.3,42.44,44.06,41.9,41.54,43.16,41.9,44.96,46.22,43.88,33.8,26.42,25.34,30.56,27.86,27.32,30.02,30.02,30.2,33.44,35.06,33.44,33.98
1234,Prcp,2015,JAN,0.137795276,0.291338583,0.031496063,0,0.102362205,0.275590551,0.047244094,0.078740157,0,0.011811024,0.043307087,0.066929134,0.039370079,0,0,0,0,0,0,0,0,0,0,0,0,0,0,0.070866142,0.027559055,0,0.019685039
1234,Prcp,2015,FEB,0.094488189,0.043307087,0.015748031,0.149606299,0,0,0,0,0.24015748,0.078740157,0.216535433,0.102362205,0,0.125984252,0.07480315,0.216535433,0.082677165,0.094488189,0.149606299,0.043307087,0.043307087,0,0,0.003937008,0.244094488,0.019685039,0,0.051181102,-999999,-999999,-999999
1234,Prcp,2015,MAR,0.07480315,0.059055118,0.031496063,0.011811024,0,0,0,0,0,0,0.043307087,0.224409449,0.145669291,0,0.011811024,0.051181102,0.114173228,0.023622047,0.023622047,0.066929134,0.31496063,0.003937008,0,0.122047244,0,0,0,0.433070866,0.342519685,0.11023622,0.070866142
1234,Prcp,2015,APR,0.015748031,0,0.015748031,0,0,0,0.011811024,0.003937008,0.070866142,0.05511811,0.023622047,0,0,0,0,0,0,0,0,0.318897638,0.287401575,0.003937008,0,0.015748031,0,0,0.023622047,0,0,0,-999999
1234,Prcp,2015,MAY,0.098425197,0.031496063,0.070866142,0.196850394,0,0,0,0,0,0,0,0,0,0,0,0,0,0,0,0.051181102,0,0,0.181102362,0,0,0,0,0.066929134,0.385826772,0.362204724,0.070866142
1234,Prcp,2015,JUN,0,0,0.05511811,1.086614173,0.007874016,0,0,0,0.161417323,0.019685039,0.019685039,0.003937008,0.035433071,0.098425197,0,0,0,0.011811024,0.070866142,0.023622047,0,0.059055118,0.232283465,0,0.38976378,0.003937008,0,0.275590551,0.598425197,0,-999999
1234,Prcp,2015,JUL,0.051181102,0,0,0,0,0,0,0,0,0,0,0,0,0,0,0,0,0,0,0,0,0,0,0,0.003937008,0,0,0,0,0,0
1234,Prcp,2015,AUG,0,0.070866142,0,0,0.039370079,0,0.003937008,0,0,0,0,0,0,0,0.023622047,0.003937008,0.047244094,0,0,0,0,0,0,0,0,0,0,0,0,0,0
1234,Prcp,2015,SEP,0,0,0,0,0,0,0,0,0,0,0,0,0.007874016,0,0,0,0,0,0,0,0,0.003937008,0,0,0,0,0,0,0.007874016,0.066929134,-999999
1234,Prcp,2015,OCT,0,0.007874016,0,0,0,0,0.165354331,0,0.05511811,0,0,0,0.003937008,0,0,0,0,0,0,0,0,0,0.003937008,0.594488189,0.11023622,0.011811024,0,0,0,0,0
1234,Prcp,2015,NOV,0,0,0,0,0,0,0,0,0,0.015748031,0,0,0,0,0,0,0,0,0,0,0,0.007874016,0,0,0,0,0.047244094,0.007874016,0.220472441,0,-999999
1234,Prcp,2015,DEC,0.118110236,0,0.031496063,0.007874016,0,0,0,0,0,0,0,0,0,0,0,0,0,0,0,0,0,0,0,0,0,0,0,0,0,0.023622047,0.015748031
1234,Prcp,2016,JAN,0,0,0,0.043307087,0.476377953,0.531496063,0.007874016,0.492125984,0.027559055,0,0.118110236,0.043307087,0.027559055,0.433070866,0.169291339,0,0.007874016,0.433070866,0.066929134,0,0.035433071,0.196850394,0.043307087,0.015748031,0.015748031,0,0,0.007874016,0,0,0
1234,Prcp,2016,FEB,0,0.007874016,0,0,0,0.507874016,0.039370079,0,0,0,0.003937008,0.070866142,0.003937008,0.480314961,0,0,0,0,0,0,0,0.224409449,0,0,0.059055118,0,0,0.070866142,0,-999999,-999999
1234,Prcp,2016,MAR,0,0,0,0.090551181,0.287401575,0.188976378,0,0,0,0,0.003937008,0,0,0.003937008,0.791338583,0.023622047,0,0,0.007874016,0.137795276,0.023622047,0,0,0,0.043307087,0.011811024,0.11023622,0.059055118,0.066929134,0,0
1234,Prcp,2016,APR,0,0.003937008,0,0,0,0,0,0,0.007874016,0.039370079,0.003937008,0.090551181,0,0,0.003937008,0.027559055,0,0,0,0,0.011811024,0.007874016,0,0.007874016,0.011811024,0.062992126,0.429133858,0,0,0,-999999
1234,Prcp,2016,MAY,0,0,0.007874016,0.094488189,0.622047244,0.393700787,0.015748031,0.019685039,0,0,0.212598425,0,0.015748031,0,0.031496063,0.059055118,0,0,0.106299213,0,0,0,1.062992126,0.019685039,0,0.181102362,0.05511811,0.059055118,0.204724409,0,0.015748031
1234,Prcp,2016,JUN,0.106299213,0,0.007874016,0,0.007874016,0,0,0,0.196850394,0,0,0,0,0.003937008,0.007874016,0,0,0,0,0,0,0,0,0,0,0,0,0,0.003937008,0.066929134,-999999
1234,Prcp,2016,JUL,0,0,0,0,0,0,0,0,0,0,0,0,0,0,0,0,0,0,0,0,0.007874016,0,0,0,0,0,0,0,0,0,0
1234,Prcp,2016,AUG,0,0,0,0,0.003937008,0,0,0,0,0,0,0,0,0,0,0,0,0,0,0,0,0,0,0,0,0,0,0,0,0,0
1234,Prcp,2016,SEP,0,0,0,0,0,0,0,0,0,0,0,0,0,0.003937008,0.015748031,0.169291339,0,0,0,0,0.05511811,0.007874016,0.37007874,0,0,0,0,0,0,0,-999999
1234,Prcp,2016,OCT,0,0,0,0,0,0.003937008,0,0.003937008,0,0,0,0,0.015748031,0.003937008,0,0,0,0.003937008,0,0,0,0,0,0,0,0,0,0,0,0,0
1234,Prcp,2016,NOV,0.007874016,0,0.003937008,0,0,0,0,0.003937008,0.007874016,0.023622047,0,0,0,0.003937008,0,0.003937008,0.078740157,0,0,0,0,0,0,0,0,0.003937008,0.011811024,0.015748031,0.05511811,0.795275591,-999999
1234,Prcp,2016,DEC,0.027559055,0.133858268,0.035433071,0.039370079,0,0,0,0,0,0,0.007874016,0.015748031,0.11023622,0.377952756,0,0,0,0,0,0,0,0,0.019685039,0.062992126,0,0.007874016,0.366141732,0.047244094,0.114173228,0.12992126,0.216535433
1234,Prcp,2017,JAN,0,0,0,0,0.031496063,0.232283465,0.019685039,0.043307087,0.070866142,0,0.031496063,0.019685039,0.043307087,0,0.003937008,0,0,0,0,0,0,0,0,0,0.043307087,0.299212598,0.059055118,0,0,0,0.003937008
1234,Prcp,2017,FEB,0,0,0,0,0.043307087,0.114173228,0.027559055,0,0,0,0,0,0,0,0.003937008,0,0,0,0.003937008,0,0,0,0,0,0.011811024,0,0,0,-999999,-999999,-999999
1234,Prcp,2017,MAR,0,0,0.165354331,0.023622047,0.114173228,0,0,0,0,0.007874016,0.200787402,0.082677165,0.204724409,0.492125984,0.019685039,0.019685039,0.015748031,0.090551181,0,0.031496063,0.011811024,0,0,0,0,0,0.003937008,0,0,0,0.039370079
1234,Prcp,2017,APR,0.224409449,0.019685039,0,0,0,0,0.224409449,0.275590551,0.216535433,0,0,0,0.106299213,0.413385827,0.003937008,0,0.011811024,0,0.011811024,0.007874016,0.062992126,0.003937008,0.015748031,0.035433071,0,0,0,0,0,0,-999999
1234,Prcp,2017,MAY,0,0.043307087,0.031496063,0.106299213,0.051181102,0,0.322834646,0.019685039,0.125984252,0.035433071,0.019685039,0,0,0,0.015748031,0.031496063,0.043307087,0.062992126,0.224409449,0.409448819,0.023622047,0.263779528,0.007874016,0,0,0.141732283,0.118110236,0.027559055,0.031496063,0.023622047,0.059055118
1234,Prcp,2017,JUN,0.031496063,0.015748031,0.023622047,0,0.027559055,0,0,0,0,0,0,0,0.003937008,0.023622047,0.082677165,0.047244094,0.015748031,0.031496063,0.12992126,0.291338583,0.149606299,0,0.007874016,0,0.003937008,0.019685039,0.011811024,0,0,0.007874016,-999999
1234,Prcp,2017,JUL,0.003937008,0.007874016,0,0,0.019685039,0.035433071,0.031496063,0.003937008,0.011811024,0,0,0,0,0,0,0.027559055,0.019685039,0,0.007874016,0.019685039,0.027559055,0.003937008,0.007874016,0.007874016,0.003937008,0,0,0,0.003937008,0,0.011811024
1234,Prcp,2017,AUG,0.003937008,0.015748031,0.003937008,0.141732283,0.019685039,0.05511811,0,0,0.003937008,0.003937008,0.015748031,0,0.007874016,0,0.015748031,0.031496063,0.007874016,0.019685039,0.023622047,0.019685039,0,0.003937008,0,0.007874016,0.019685039,0.023622047,0,0.011811024,0.003937008,0,0.015748031
1234,Prcp,2017,SEP,0.035433071,0,0,0,0,0,0,0,0,0,0,0,0,0,0,0,0,0,0,0,0,0,0.003937008,0,0,0,0,0,0,0,-999999
1234,Prcp,2017,OCT,0,0.173228346,0,0,0,0,0,0,0.051181102,0.019685039,0,0,0,0,0,0,0,0,0,0,0,0,0,0,0.035433071,0.082677165,0,0,0.102362205,0.267716535,0
1234,Prcp,2017,NOV,0,0,0,0,0.196850394,0.661417323,0,0,0,0,0,0,0,0.094488189,0,0,0,0,0,0.043307087,0.598425197,0.078740157,0.027559055,0.027559055,0,0,0,0.137795276,0.846456693,0.015748031,-999999
1234,Prcp,2017,DEC,0,0,0,0,0,0.086614173,0.086614173,0,0,0,0,0,0,0,0,0,0.031496063,0.027559055,0.07480315,0.011811024,0.023622047,0.062992126,0.003937008,0.318897638,0,0,0,0,0,0.003937008,0.165354331
1234,Prcp,2018,JAN,0.539370079,0.003937008,0,0.177165354,0.161417323,0.078740157,0,0,0,0,0,0.133858268,0.059055118,0.106299213,0.295275591,0.05511811,0.039370079,0.11023622,0.44488189,0.007874016,0.015748031,0,0.799212598,0.255905512,0.133858268,0.007874016,0.003937008,0,0,0,0
1234,Prcp,2018,FEB,0,0.003937008,0.015748031,0.007874016,0,0,0,0,0.015748031,0,0,0,0,0,0.019685039,0.003937008,0,0,0,0,0.137795276,0,0,0.177165354,0.251968504,0.078740157,0.362204724,0,-999999,-999999,-999999
1234,Prcp,2018,MAR,0.220472441,0,0.011811024,0.015748031,0.374015748,0.271653543,0.307086614,0.066929134,0.082677165,0,0,0,0,0.007874016,0.251968504,0.358267717,0,0,0,0,0,0,0,0.003937008,0.094488189,0,0,0,1.086614173,0,0
1234,Prcp,2018,APR,0,0,0.031496063,0,0,0,0,0,0.003937008,0.303149606,0,0,0.007874016,0,0,0,0,0,0,0,0.098425197,0.003937008,0,0,0,0,0,0,0,0,-999999
1234,Prcp,2018,MAY,0.003937008,0.039370079,0.157480315,0,0.007874016,0.212598425,0.086614173,0.051181102,0.188976378,0.070866142,0.051181102,0.417322835,0.362204724,0,0,0,0,0,0.035433071,0.035433071,0.066929134,0.007874016,0.082677165,0,0.102362205,0.023622047,0.937007874,0,0.12992126,0.027559055,0.220472441
1234,Prcp,2018,JUN,0,0,0,0,0,0,0,0,0,0,0,0,0.027559055,0.003937008,0.039370079,0.031496063,0.181102362,0.023622047,0.023622047,0.192913386,0.019685039,0.732283465,0,0.401574803,0.003937008,0.078740157,0,0,0,0.007874016,-999999
1234,Prcp,2018,JUL,0,0,0,0,0,0,0,0,0,0,0,0,0,0,0,0,0,0,0,0.011811024,0,0,0,0,0,0,0.031496063,0.027559055,0.169291339,0,0
1234,Prcp,2018,AUG,0.066929134,0,0.007874016,0,0.015748031,0,0,0,0,0,0,0,0,0,0,0,0,0,0,0,0,0,0,0,0,0,0,0,0,0,0
1234,Prcp,2018,SEP,0,0,0,0,0,0,0.035433071,0,0,0.015748031,0.082677165,0,0,0,0.015748031,0,0,0,0,0,0,0,0,0,0,0,0,0,0,0.090551181,-999999
1234,Prcp,2018,OCT,0.07480315,0,0,0,0,0,0,0,0.023622047,0,0.043307087,0.137795276,0.42519685,0,0.003937008,0,0.066929134,0,0,0.003937008,0.173228346,0.102362205,0,0,0.330708661,0.637795276,0,0,0,0,0
1234,Prcp,2018,NOV,0,0,0,0,0,0,0,0,0,0,0,0,0,0,0,0,0,0.039370079,0,0,0,0.051181102,0,0,0,0,0.125984252,0.098425197,0.177165354,0.122047244,-999999
1234,Prcp,2018,DEC,0.192913386,0,0,0,0,0.007874016,0.519685039,0.122047244,0,0.94488189,0.381889764,0.350393701,0.118110236,0.007874016,0.141732283,0,0,0.165354331,0.342519685,0.200787402,0.114173228,0,0,0.031496063,0.003937008,0.535433071,0.062992126,0,0,0.059055118,0
1234,Prcp,2019,JAN,0,0,0.007874016,0.05511811,0.015748031,0.220472441,0.133858268,0.137795276,0.200787402,0.023622047,0.003937008,0.003937008,0.007874016,0.003937008,0.125984252,0.291338583,0.161417323,0,0,0,0,0.043307087,0,0,0.106299213,0.011811024,0.236220472,0.082677165,0,0,0.031496063
1234,Prcp,2019,FEB,0.413385827,0,0,0,0,0.011811024,0.795275591,0.106299213,0.019685039,0.11023622,0,0,0,0,0.043307087,0,0,0,0,0,0,0,0,0,0,0,0.011811024,0.137795276,-999999,-999999,-999999
1234,Prcp,2019,MAR,0.031496063,0,0,0,0,0.011811024,0.082677165,0,0,0,0,0,0.019685039,0,0,0.137795276,0.027559055,0,0,0,0,0,0,0,0.003937008,0,0,0,0.05511811,0.023622047,0.019685039
1234,Prcp,2019,APR,0,0,0,0,0,0,0,0,0.007874016,0.44488189,0.192913386,0.003937008,0.07480315,0,0.255905512,0.125984252,0.421259843,0.007874016,0.05511811,0.102362205,0.039370079,0.090551181,0.003937008,0,0,0,0.031496063,0.007874016,0.043307087,0,-999999
1234,Prcp,2019,MAY,0.015748031,0,0.598425197,0,0,0.059055118,0,0.019685039,0.035433071,0.003937008,0.007874016,0.204724409,0,0,0,0,0.015748031,0.003937008,0.070866142,0.019685039,0,0.015748031,0,0.003937008,0.023622047,0,0,0,0,0,0.003937008
1234,Prcp,2019,JUN,0.149606299,0,0,0,0.007874016,0,0,0,0,0,0,0,0.003937008,0.035433071,0,0.066929134,0.25984252,0.519685039,0,0.62992126,0.07480315,0.023622047,0.149606299,0,0,0,0,0,0,0,-999999
1234,Prcp,2019,JUL,0,0,0,0,0,0,0,0,0,0,0,0.18503937,0,0,0.086614173,0,0.031496063,0.078740157,0.066929134,0,0,0,0,0,0,0,0,0,0,0,0
1234,Prcp,2019,AUG,0,0,0,0,0.011811024,0,0,0,0,0,0,0,0,0,0.003937008,0.023622047,0,0.137795276,0,0,0.011811024,0.003937008,0,0,0,0.003937008,0,0,0,0,0
1234,Prcp,2019,SEP,0,0,0,0.011811024,0,0,0,0,0,0,0,0,0,0,0.287401575,0,0,0,0,0,0,0,0,0,0.019685039,0.019685039,0,0,0,0,-999999
1234,Prcp,2019,OCT,0,0,0,0,0,0.043307087,0.011811024,0,0,0,0,0,0,0,0,0,0,0.05511811,0,0,0,0,0,0,0,0,0,0,0,0,0
1234,Prcp,2019,NOV,0,0.145669291,0,0,0,0,0,0,0,0,0,0,0,0,0,0.019685039,0,0,0,0,0,0,0,0,0.003937008,0,0.566929134,0,0.003937008,0.42519685,-999999
1234,Prcp,2019,DEC,0,0.271653543,0,0,0.283464567,0.043307087,0,0,0.003937008,0,0,0.232283465,0.208661417,0.070866142,0.003937008,0,0,0,0,0,0,0,0.086614173,0.397637795,0.511811024,0.263779528,0.44488189,0.07480315,0.086614173,0.059055118,0.059055118
1234,Prcp,2020,JAN,0.11023622,0.094488189,0.027559055,0.003937008,0,0,0.027559055,0.169291339,0.114173228,0.007874016,0,0,0,0,0,0,0,0,0,0,0.086614173,0,0,0.015748031,0,0,0,0,0.38976378,0.153543307,1.275590551
1234,Prcp,2020,FEB,0.149606299,0.015748031,0,0.102362205,0,0.027559055,0.688976378,0.31496063,0.015748031,0.019685039,0.035433071,0.173228346,0.350393701,0.24015748,0.007874016,0.043307087,0,0,0,0,0,0.397637795,0.015748031,0,0.019685039,0,0,0.082677165,0.039370079,-999999,-999999
1234,Prcp,2020,MAR,0.267716535,0,0,0,0,0.035433071,0,0,0,0.011811024,0,0,0,0.015748031,0,0.015748031,0.18503937,0.003937008,0.173228346,0.051181102,0.031496063,0,0,0,0,0.011811024,0,0.137795276,0.18503937,0.11023622,0.003937008
1234,Prcp,2020,APR,0.047244094,0.05511811,0.437007874,0.027559055,0,0,0.015748031,0.011811024,0.031496063,0.11023622,0,0,0,0,0.003937008,0.169291339,0.011811024,0,0,0,0,0.015748031,0.224409449,0,0,0,0,0,0,0.039370079,-999999
1234,Prcp,2020,MAY,0.622047244,0.086614173,0.070866142,0.653543307,0.05511811,0.059055118,0,0.728346457,0.007874016,0,0,0,0,0,0,0,0,0,0,0,0,0,0.118110236,0.019685039,0.015748031,0,0,0,0.062992126,0.011811024,0.003937008
1234,Prcp,2020,JUN,0,0.070866142,0.082677165,0.090551181,0,0,0,0,0.003937008,0.066929134,0.011811024,0.244094488,0.05511811,0.047244094,0.133858268,0.015748031,0.003937008,0.011811024,0.102362205,0.161417323,0.015748031,0.141732283,0,0,0,0,0,0,0,0,-999999
1234,Prcp,2020,JUL,0,0,0,0,0,0,0,0,0.094488189,0,0,0,0,0,0.007874016,0,0,0,0,0,0,0,0,0,0.047244094,0,0,0,0,0,0
1234,Prcp,2020,AUG,0,0,0,0,0,0,0,0,0,0,0,0,0,0,0,0,0,0,0,0,0,0,0,0,0,0,0,0,0.019685039,0,0
1234,Prcp,2020,SEP,0,0,0,0,0,0,0,0,0,0,0,0,0.102362205,0,0,0,0,0,0,0.114173228,0.078740157,0.007874016,0,0,0.11023622,0.019685039,0,0,0,0.236220472,-999999
1234,Prcp,2020,OCT,0,0.177165354,0,0,0,0,0,0,0,0,0,0,0,0,0,0,0,0,0.090551181,0.232283465,0.153543307,0.015748031,0,0,0,0,0,0,0,0.023622047,0.003937008
1234,Prcp,2020,NOV,0,0,0,0.452755906,0.507874016,0.039370079,0,0,0,0,0,0,0,0,0,0,0,0,0,0.05511811,0.070866142,0,0,0,0,0.003937008,0,0,0,0,-999999
1234,Prcp,2020,DEC,0,0,0,0,0,0,0,0.059055118,0.291338583,0,0.078740157,0.244094488,0.023622047,0.043307087,0.464566929,0.051181102,0,0,0,0,0,0,0,0,0,0,0,0,0,0,0
1234,Prcp,2021,JAN,0,0,0,0,0,0.05511811,0,0,0,0.011811024,0,0.118110236,0.039370079,0.692913386,0.122047244,0.066929134,0.342519685,0.027559055,0.007874016,0,0,0,0,0,0.015748031,0.114173228,0.05511811,0.208661417,0,0.035433071,0.704724409
1234,Prcp,2021,FEB,0.007874016,0.007874016,0,0,0,0,0,0,0,0,0,0,0,0,0,0.37007874,0.062992126,0.031496063,0.027559055,0.011811024,0,0,0,0,0,0,0,0,-999999,-999999,-999999
1234,Prcp,2021,MAR,0,0,0,0,0,0,0,0.011811024,0,0,0.011811024,0.381889764,0.023622047,0,0.12992126,0.354330709,0.330708661,0.44488189,0.086614173,0,0.015748031,0,0.137795276,1.748031496,0.326771654,0,0.043307087,0,0,0,0.05511811
1234,Prcp,2021,APR,0.015748031,0.031496063,0.011811024,0.007874016,0.086614173,0.011811024,0,0,0.047244094,0.216535433,0.204724409,0.003937008,0,0,0,0,0.003937008,0.133858268,0.015748031,0.003937008,0,0,0,0,0,0.003937008,0.295275591,0,0.003937008,0.019685039,-999999
1234,Prcp,2021,MAY,0.003937008,0,0,0,0,0.003937008,0.007874016,0,0.066929134,0,0,0,0,0,0,0,0.078740157,0,0,0,0,0.007874016,0.082677165,0.011811024,0,0,0,0.015748031,0.137795276,0.015748031,0.031496063
1234,Prcp,2021,JUN,0.125984252,0.401574803,0.027559055,0,0,0,0,0,0.094488189,0.027559055,0.066929134,0.165354331,0.232283465,0.003937008,0.043307087,0.031496063,0.082677165,0,0,0.003937008,0,0.251968504,0.106299213,0.082677165,0.047244094,0.011811024,0.011811024,0,0,0,-999999
1234,Prcp,2021,JUL,0,0,0,0.102362205,0,0.007874016,0.07480315,0.007874016,0.007874016,0,0,0,0,0,0,0,0,0,0,0,0,0,0,0.015748031,0,0.027559055,0,0,0,0,0
1234,Prcp,2021,AUG,0,0,0,0,0,0,0.011811024,0.338582677,0.059055118,0.051181102,0.090551181,0.165354331,0.031496063,0.015748031,0,0,0,0,0,0,0,0,0,0,0,0,0,0,0,0,0
1234,Prcp,2021,SEP,0,0.043307087,0.015748031,0.007874016,0,0,0,0,0,0,0.122047244,0,0.003937008,0.003937008,0.078740157,0.535433071,0.606299213,0,0,0,0,0.141732283,0.051181102,0.224409449,0,0,0,0,0,0.043307087,-999999
1234,Prcp,2021,OCT,0,0,0,0,0,0,0,0,0,0,0,0,0.003937008,0,0,0,0,0.039370079,0,0,0,0,0,0,0.019685039,0.011811024,0.007874016,0,0,0,0.007874016
1234,Prcp,2021,NOV,0.003937008,0.062992126,0.118110236,0.039370079,0,0,0,0,0,0.161417323,0.039370079,0,0,0,0,0,0,0,0,0.078740157,0.011811024,0,0.003937008,0.125984252,0.783464567,0.019685039,0.039370079,0.322834646,0.062992126,0.003937008,-999999
1234,Prcp,2021,DEC,0.145669291,0,0,0,0.165354331,0,0,0.594488189,0.090551181,0,0,0,0,0.496062992,0.566929134,0.37007874,0.236220472,0.078740157,0.244094488,0.559055118,0.027559055,0.039370079,0,0,0.019685039,0.003937008,0.003937008,0,0.031496063,0.007874016,0
1234,Prcp,2022,JAN,0,0.173228346,0.003937008,0,0,0,0,0.003937008,0.003937008,0.161417323,0.066929134,0.212598425,0.618110236,0.05511811,0.043307087,0.015748031,0.007874016,0.023622047,0.133858268,0.003937008,0,0.066929134,0.818897638,0.271653543,0.023622047,0.295275591,0.015748031,0,0.011811024,0.003937008,0.55511811
1234,Prcp,2022,FEB,0.165354331,0.031496063,0,0.070866142,0.062992126,0,0,0.07480315,0.311023622,0.090551181,0,0,0.007874016,0,0,0,0,0,0.11023622,0,0.015748031,0.070866142,0.118110236,0.003937008,0.188976378,0.003937008,0,0.059055118,-999999,-999999,-999999
1234,Prcp,2022,MAR,0.346456693,0.25984252,0.838582677,0.118110236,0,0,0,0.409448819,0.133858268,0.086614173,0.035433071,0.161417323,0,0.007874016,0,0,0.007874016,0.035433071,0.12992126,0,0.070866142,0.007874016,0,0.003937008,0.011811024,0,0.011811024,0,0,0.070866142,0
1234,Prcp,2022,APR,0,0,0,0,0,0,0,0.086614173,0.011811024,0.003937008,0,0.161417323,0.007874016,0,0,0,0,0,0.003937008,0.003937008,0,0,0,0,0,0,0,0,0,0,-999999
1234,Prcp,2022,MAY,0.023622047,0.090551181,0.397637795,0.133858268,0.141732283,0.149606299,0.307086614,0,0,0,0,0,0,0,0.078740157,0.232283465,0.007874016,0.614173228,0.027559055,0.059055118,0,0,0.003937008,0.015748031,0,0,0,0,0,0,0
1234,Prcp,2022,JUN,0,0,0,0.011811024,0,0.082677165,0.066929134,0.653543307,0.181102362,0,0.003937008,0.228346457,0.039370079,0.350393701,0.106299213,0.019685039,0.019685039,0,0,0,0,0,0,0.023622047,0.015748031,0,0,0.165354331,0.145669291,0.027559055,-999999
1234,Prcp,2022,JUL,0.114173228,0.027559055,0.003937008,0,0,0,0,0,0,0,0.051181102,0,0.015748031,0,0.007874016,0,0,0,0,0,0,0,0,0,0,0,0,0,0,0,0
1234,Prcp,2022,AUG,0,0,0,0,0,0,0,0.070866142,0,0,0,0,0,0,0,0,0,0,0,0.011811024,0,0,0,0,0,0,0,0,0,0,0
1234,Prcp,2022,SEP,0,0,0,0,0,0.007874016,0,0,0,0,0,0,0.149606299,0.003937008,0,0,0,0,0,0,0.007874016,0.039370079,0,0,0,0,0,0,0,0,-999999
1234,Prcp,2022,OCT,0,0,0,0,0,0,0,0,0,0,0,0,0,0,0.003937008,0.011811024,0.350393701,0.05511811,0.059055118,0.070866142,0.015748031,0,0,0,0,0,0,0,0,0,0
1234,Prcp,2022,NOV,0.003937008,0,0,0,0,0,0.090551181,0.023622047,0.102362205,0.019685039,0,0,0,0,0,0,0,0.051181102,0.114173228,0.003937008,0,0.232283465,0.043307087,0.047244094,0.062992126,0.42519685,0.015748031,0,0.007874016,0,-999999
1234,Prcp,2022,DEC,0.003937008,0.062992126,0,0,0,0,0,0.035433071,0,0,0.023622047,0.18503937,0.161417323,0.149606299,0.606299213,0,0,0.003937008,0,0.118110236,0.003937008,0,0,0,0,0.070866142,0.043307087,0.019685039,0,0,0
